Sending cluster name,Target cluster name,Total expression,Total specificity,Edge count,Average expression,Average specificity
k15 (1131 cells),k12 (833 cells),3796884.287553122,17.438606491844773,129,29433.211531419547,0.1351829960608122
k14 (384 cells),k12 (833 cells),3499250.1220557867,24.183988323232988,191,18320.681267307784,0.1266177399122146
k12 (833 cells),k12 (833 cells),3243428.9471635157,25.090796422041088,194,16718.705913214,0.12933400217546953
k15 (1131 cells),k14 (384 cells),2800738.9173018904,16.708578866996994,126,22228.086645253097,0.13260776878569044
k14 (384 cells),k14 (384 cells),2688176.263453669,25.469880649107054,188,14298.8099119876,0.13547808855908008
k12 (833 cells),k14 (384 cells),2439900.0206770375,23.171019172840893,189,12909.523918926125,0.12259798504148621
k15 (1131 cells),k15 (1131 cells),2293942.0703291963,11.610687332173828,101,22712.297726031647,0.11495730031855275
k14 (384 cells),k15 (1131 cells),2157186.4033096484,17.398109911875846,147,14674.7374374806,0.11835448919643432
k12 (833 cells),k15 (1131 cells),1972106.969807528,15.972222908052563,145,13600.737722810538,0.11015326143484526
