Sending cluster name,Target cluster name,Total expression,Total specificity,Edge count,Average expression,Average specificity
k12 (719 cells),k15 (195 cells),1586376.140274589,34.10441288064965,286,5546.769721239822,0.11924619888339037
k12 (719 cells),k14 (626 cells),1539938.456437602,33.542685766335524,300,5133.12818812534,0.11180895255445175
k14 (626 cells),k14 (626 cells),1447049.6826039709,35.248185593295744,299,4839.63104549823,0.11788690833878175
k14 (626 cells),k15 (195 cells),1446961.518402572,35.132094722070725,284,5094.934923952718,0.12370455888053072
k15 (195 cells),k14 (626 cells),1364120.8361738774,34.72776414694764,278,4906.909482639847,0.12492001491707785
k15 (195 cells),k15 (195 cells),1360708.4169631575,34.6483237062257,262,5193.543576195258,0.13224551032910573
k12 (719 cells),k12 (719 cells),1285343.3030797099,33.79508020325961,310,4146.268719611968,0.10901638775245034
k14 (626 cells),k12 (719 cells),1208992.8224051353,33.43941473230056,305,3963.910893131591,0.10963742535180512
k15 (195 cells),k12 (719 cells),1175071.0537859392,33.19702165462164,285,4123.056329073471,0.11648077773551453
