Sending cluster name,Target cluster name,Total expression,Total specificity,Edge count,Average expression,Average specificity
k15 (1116 cells),k12 (1400 cells),1924138.0486608318,25.402109356882537,190,10127.042361372798,0.13369531240464494
k15 (1116 cells),k14 (753 cells),1702426.174308705,29.142361559369363,199,8554.905398536206,0.14644402793652947
k15 (1116 cells),k15 (1116 cells),1661649.0591128822,20.43659234781629,148,11227.358507519475,0.13808508343119116
k12 (1400 cells),k12 (1400 cells),1659882.9273758172,31.46086099507955,279,5949.401173390026,0.11276294263469373
k14 (753 cells),k12 (1400 cells),1657672.0928784788,35.89880117793561,290,5716.110665098203,0.1237889695790883
k14 (753 cells),k14 (753 cells),1616273.9306752896,43.51562886974693,310,5213.786873146096,0.14037299635402234
k12 (1400 cells),k14 (753 cells),1560737.9333539864,37.08180449153648,294,5308.6324263741035,0.1261285867059064
k14 (753 cells),k15 (1116 cells),1303519.5642857323,29.76182994705818,218,5979.447542595102,0.13652215572045037
k12 (1400 cells),k15 (1116 cells),1293628.987702699,24.965385344607412,205,6310.385305866824,0.12178236753467031
